pdf,question,answer
koning-et-al-2021-total-synthesis.pdf,What reaction occurs in step 6 of Total Synthesis of (-)-Glionitrin A/B? What reagents were involved in the reaction and what product was obtained? What was the yield obtained?,"In step 6 of Total Synthesis of (-)-Glionitrin A/B, a double bond hydroxylation reaction (R)-10a-((((R)-1-(4-Methoxyphenyl)ethyl)thio)-2-methyl-3-methylene-7-nitro-2,3,10,10,10a-tetrahydropyrazino[1,2-a]indole-1,4-dione (in article and SI number 32) occurred to give (3S, 10aR)-3-Hydroxy-3-(hydroxymethyl)-10a-(((R)-1- (4-methoxyphenyl)ethyl)thio)-2-methyl-7-nitro-2,3,10,10,10a-tetrahydropyrazino[1,2-a]indole-1,4-dione (trans isomer, in article number 33, in SI as trans-33) and (3R,10aR)-3-hydroxy-3-(hydroxymethyl)-10a-[(1R)-1-(4-methoxyphenyl)ethyl]sulfanyl-2-methyl-7-nitro-10H-pyrazino[1,2-a]indole-1,4-dione (cis-isomer, in SI as cis-33). The reaction was carried out with 0.1 equiv OsO4 dissolved in 2.5% tert-BuOH, 2.0 equiv NMO, 75:25 acetone and water, respectively, for 16 hours. The yield was 85 percent with a ratio of trans and cis diastereomers 87:13 respectively."
10_1021_acs_joc_0c02350.pdf,I need all the compounds that were used in the experiments. Obligatorily I need all results to be in the form of a table of 2 columns where in the first column were the names by IUPAC nomenclature and in the second column in SMILES notation. Don't add it to this list of reaction products for me. Would you be able to do that?,"Lithium bromide
[Li+].[Br-]  
N,N-dimethylacetamide  
CC(=O)N(C)C  
2-[2-[bis(carboxylatomethyl)azaniumyl]ethyl-(carboxylatomethyl)azaniumyl]acetate  disodium
C(C[NH+](CC(=O)[O-])CC(=O)[O-])[NH+](CC(=O)[O-])CC(=O)[O-].[Na+].[Na+]  
carbonate  dipotassium
C(=O)([O-])[O-].[K+].[K+] 
pentane
CCCCC 
ethoxyethane 
CCOCC  
sulfate disodium
[O-]S(=O)(=O)[O-].[Na+].[Na+]  
sodium;chloride 
 [Na+].[Cl-]  
oxidane 
O  
2-pyridin-2-ylpyridine  
C1=CC=NC(=C1)C2=CC=CC=N2
argon
[Ar]  
potassium;dihydrogen phosphate  
OP(=O)(O)[O-].[K+]  
hexane
CCCCCC 
dichloromethane
C(Cl)Cl  
N,N-dimethylformamide 
CN(C)C=O  
1-azabicyclo[2.2.2]octane 
C1CN2CCC1CC2  
morpholine
C1COCCN1  
1-bromo-4-(trifluoromethyl)benzene  
C1=CC(=CC=C1C(F)(F)F)Br  
trichloro(deuterio)methane  
[2H]C(Cl)(Cl)Cl  
cyclohexanamine  
C1CCC(CC1)N  
hexan-1-amine 
CCCCCCN  
 N-methylmethanamine;hydrochloride  
CNC.Cl  
methyl 2-aminoacetate;hydrochloride  
 COC(=O)CN.Cl  
bromobenzene
C1=CC=C(C=C1)Br 
4-bromobenzonitrile
C1=CC(=CC=C1C#N)Br  
4-bromobenzoate
 C1=CC(=CC=C1C(=O)[O-])Br 
2-bromonaphthalene
 C1=CC=C2C=C(C=CC2=C1)Br  
1-bromo-2-methylbenzene  
CC1=CC=CC=C1Br  
3-bromopyridine  
C1=CC(=CN=C1)Br  
ethyl acetate  
CCOC(=O)C  
ethoxyethane  
CCOCC  
1-bromo-3-methoxybenzene  
COC1=CC(=CC=C1)Br 
benzoic acid
C1=CC=C(C=C1)C(=O)O  
(2S)-5-[(2-methylpropan-2-yl)oxy]-2-[(2-methylpropan-2-yl)oxycarbonylamino]-5-oxopentanoic acid 
CC(C)(C)OC(=O)CC[C@@H](C(=O)O)NC(=O)OC(C)(C)C
dimethyl butanedioate 
COC(=O)CCC(=O)OC  
sodium;acetate  
CC(=O)[O-].[Na+]  
(2S)-1-[(2-methylpropan-2-yl)oxycarbonyl]pyrrolidine-2-carboxylic acid  
CC(C)(C)OC(=O)N1CCC[C@H]1C(=O)O 
phenylmethanol
C1=CC=C(C=C1)CO  
cyclohexanol
 C1CCC(CC1)O  
propan-2-ol  
CC(C)O  
hexan-1-ol  
CCCCCCO  
methyl 4-bromobenzoate  
COC(=O)C1=CC=C(C=C1)Br  
3-bromopyridine
C1=CC(=CN=C1)Br  
Acetonitrile
CC#N  
4-tert-butyl-2-(4-tert-butylpyridin-2-yl)pyridine  
CC(C)(C)C1=CC(=NC=C1)C2=NC=CC(=C2)C(C)(C)C 
tetrabutylazanium;hexafluorophosphate  
CCCC[N+](CCCC)(CCCC)CCCC.F[P-](F)(F)(F)(F)F"
Die Angewandte Makromolekulare Chemie - 1999 - Moszner - Synthesis and polymerisation of new multifunctional urethane.pdf,What is happening in diagram 5 ?,"The diagram shows the reaction between one molecule of TMXDI ( 1,3-bis(2-isocyanatopropan-2-yl)benzene ) and two molecules of ( benzyl 2-(hydroxymethyl)prop-2-enoate ) in the presence of DBTDO ( dibutyltin dioctanoate ) and the release of 2 molecules of CO2 (carbon dioxide, carbon dioxide) and one molecule of benzyl 2-[[2-[[2-[3-[2-[2-(2-phenylmethoxycarbonylprop-2-enylamino)propan-2-yl]phenyl]propan-2-ylamino]methyl]prop-2-enoate"
Die Angewandte Makromolekulare Chemie - 1999 - Moszner - Synthesis and polymerisation of new multifunctional urethane.pdf,"Are there any compounds for which IR was taken? If there are, write me the abbreviations of those compounds that were taken in pure form.","yes, these are compounds 1a, 1b, 1c, 1d, 1f."
hernandez-et-al-2023-alkynyl-halo-aza-prins-annulative-couplings.pdf,What is happening in Scheme 2 ?,"The scheme shows the reaction between one molecule of 3-Buten-1-amine and one molecule of Methyl (2-formylphenyl)carbamate to form (10R)-10-acetyl-5,8,9,9,10,11,11a-hexahydropyrido[1,2-c]quinazolin-6-one. The reaction takes place in the presence of acetic acid at 160 ℃"
kowalska-et-al-2023-visible-light-promoted-3-2-cycloaddition-for-the-synthesis-of-cyclopenta-b-chromenocarbonitrile.pdf,How many chiral centers are there in the compound 3af ?,3
kowalska-et-al-2023-visible-light-promoted-3-2-cycloaddition-for-the-synthesis-of-cyclopenta-b-chromenocarbonitrile.pdf,Which photocatalyst showed the best results in the reaction of [3+2]-cycloaddition of 3-Cyanochromone 1a and N-Cyclopropyloaniline 2a in dichloromethane?,Eosin Y
kowalska-et-al-2023-visible-light-promoted-3-2-cycloaddition-for-the-synthesis-of-cyclopenta-b-chromenocarbonitrile.pdf,Which biologically active compounds are shown in Scheme 1?,"Diaportheone B, Applanatumol Y,Peramivir, Jatrophane, Pactamycin"
kowalska-et-al-2023-visible-light-promoted-3-2-cycloaddition-for-the-synthesis-of-cyclopenta-b-chromenocarbonitrile.pdf,In which solvent did the reaction of [3+2]-cycloaddition of 3-Cyanochromone 1a and N-Cyclopropyloaniline 2a produce the lowest yield?,Methanol
kowalska-et-al-2023-visible-light-promoted-3-2-cycloaddition-for-the-synthesis-of-cyclopenta-b-chromenocarbonitrile.pdf,What was the diastereomer ratio for product 3ae when using N-cyclopropylaniline with two trifluoromethyl groups?,10:1 dr
kowalska-et-al-2023-visible-light-promoted-3-2-cycloaddition-for-the-synthesis-of-cyclopenta-b-chromenocarbonitrile.pdf,"Name the compounds that reacted [3+2]-cyclopropyl compounds with N-cyclopropylaniline 2a, with an electron-donor group, which were varied to study the effect of substituents","1ba, 1c, 1g, 1h, 1i"
kowalska-et-al-2023-visible-light-promoted-3-2-cycloaddition-for-the-synthesis-of-cyclopenta-b-chromenocarbonitrile.pdf,What is the IUPAC nomenclature name and the molecular weight of TEMPO?,"(2,2,6,6-tetramethylpiperidin-1-yl)oxidanyl , 156.25 g/mol"
hernandez-et-al-2023-alkynyl-halo-aza-prins-annulative-couplings.pdf,What is the name of substance number 24a?,3-benzhydrylidene-1-(4-methylphenyl)sulfonyl-2-propan-2-ylpiperidine
hernandez-et-al-2023-alkynyl-halo-aza-prins-annulative-couplings.pdf,Why was the yield for 16e greater than for 16b?,"Since at the last step, alkynyl Prints cyclization occurs, in which the nucleophile participates in the form of a Halogenide.The yield of 16e in this reaction will be higher due to the presence of iodide, which is more nucleophilic than bromine."
hernandez-et-al-2023-alkynyl-halo-aza-prins-annulative-couplings.pdf,Calculate the molecular weight for compound 19q,332.241
hernandez-et-al-2023-alkynyl-halo-aza-prins-annulative-couplings.pdf,"Which substituents cause the formation of E- and Z-isomers in the Alkynyl Aza-Prince Cyclization of Phthalimido Arenyne Hemiaminals reaction, i.e. systems that have unusual interference or release electrons?",The MeO group in the para position and the Me group in the ortho position
d1ra01912k-2.pdf,Which compound has the highest polymerization activity over the entire temperature range? And which one is the lowest at 80 degrees?,"There is no compound that has the highest polymerization activity. However, meso-5sMAO has the highest activity in the range of 60-90 degrees Celsius. But the lowest activity at 80 degrees is observed on 1sMAO, as in the control. If we talk about the zirconocenes, then for musso- 2 sMA."
d1ra01912k-2.pdf,What is rac-(3-Et Ind#)2Zr(CH2Ph)2?,"rac-(3-EtInd#)2Zr(CH2Ph)2 is a zirconocene complex, an organometallic compound consisting of a tetravalet zirconium ion [Zr-4], two 3-ethyl-2,4,5,6,7-pentamethyl-1H-inden-1-ide CCc1c(C)[cH-]c2c(C)c(C)c(C)c(C)c12 and two methanidylbenzene [CH2-]c1ccccc1"
